train_loss,train_acc,epoch,step,val/loss_class,val/acc,test/loss_class,test/acc
31.042625427246094,0.0,0,49,,,,
28.72869300842285,0.0,0,99,,,,
27.587711334228516,0.03125,0,149,,,,
22.251516342163086,0.09375,0,199,,,,
23.904571533203125,0.09375,0,249,,,,
20.46869659423828,0.125,0,299,,,,
,,0,320,21.341917037963867,0.1283276379108429,,
18.628677368164062,0.15625,1,349,,,,
13.37639045715332,0.25,1,399,,,,
17.805255889892578,0.28125,1,449,,,,
18.15826416015625,0.125,1,499,,,,
12.306821823120117,0.375,1,549,,,,
11.54945182800293,0.25,1,599,,,,
,,1,641,15.690544128417969,0.26552900671958923,,
12.551400184631348,0.3125,2,649,,,,
8.362439155578613,0.53125,2,699,,,,
15.03896427154541,0.21875,2,749,,,,
11.538527488708496,0.40625,2,799,,,,
7.398825645446777,0.40625,2,849,,,,
7.295104026794434,0.5,2,899,,,,
6.812450885772705,0.4375,2,949,,,,
,,2,962,9.617606163024902,0.4320819079875946,,
5.182643890380859,0.625,3,999,,,,
6.160150051116943,0.6875,3,1049,,,,
5.238641262054443,0.625,3,1099,,,,
4.956424713134766,0.59375,3,1149,,,,
4.808501243591309,0.59375,3,1199,,,,
1.729868769645691,0.78125,3,1249,,,,
,,3,1283,5.583411693572998,0.5576791763305664,,
4.547397136688232,0.59375,4,1299,,,,
3.1843130588531494,0.6875,4,1349,,,,
0.8191463947296143,0.875,4,1399,,,,
2.4498844146728516,0.78125,4,1449,,,,
1.9350347518920898,0.6875,4,1499,,,,
0.19894979894161224,0.90625,4,1549,,,,
0.6278195977210999,0.8125,4,1599,,,,
,,4,1604,3.3923351764678955,0.6614334583282471,,
1.7571080923080444,0.8125,5,1649,,,,
0.5515627861022949,0.875,5,1699,,,,
0.6746950745582581,0.9375,5,1749,,,,
1.250023365020752,0.84375,5,1799,,,,
1.951074242591858,0.78125,5,1849,,,,
0.8448916673660278,0.90625,5,1899,,,,
,,5,1925,2.185220718383789,0.7699658870697021,,
2.7244324684143066,0.6875,6,1949,,,,
0.28121188282966614,0.875,6,1999,,,,
1.3808854818344116,0.8125,6,2049,,,,
1.808394193649292,0.84375,6,2099,,,,
0.23946191370487213,0.9375,6,2149,,,,
0.6036967635154724,0.96875,6,2199,,,,
,,6,2246,1.7335057258605957,0.8218430280685425,,
0.12818945944309235,0.96875,7,2249,,,,
0.9201208353042603,0.875,7,2299,,,,
0.863688588142395,0.90625,7,2349,,,,
0.16649185121059418,0.96875,7,2399,,,,
1.309403419494629,0.9375,7,2449,,,,
0.1169608011841774,0.96875,7,2499,,,,
0.08636057376861572,0.96875,7,2549,,,,
,,7,2567,1.1643199920654297,0.858703076839447,,
0.004876322112977505,1.0,8,2599,,,,
0.15804804861545563,0.9375,8,2649,,,,
0.27411097288131714,0.9375,8,2699,,,,
0.8272389769554138,0.84375,8,2749,,,,
1.9370800256729126,0.78125,8,2799,,,,
0.2689606249332428,0.96875,8,2849,,,,
,,8,2888,1.0943078994750977,0.8614334464073181,,
0.07176920026540756,0.96875,9,2899,,,,
0.11209900677204132,0.96875,9,2949,,,,
0.192506343126297,0.9375,9,2999,,,,
0.7952694296836853,0.9375,9,3049,,,,
0.16037151217460632,0.9375,9,3099,,,,
0.5679595470428467,0.875,9,3149,,,,
0.019885748624801636,1.0,9,3199,,,,
,,9,3209,1.0136922597885132,0.8778157234191895,,
0.29660701751708984,0.96875,10,3249,,,,
0.0965108871459961,0.96875,10,3299,,,,
0.4992868900299072,0.875,10,3349,,,,
1.406670331954956,0.8125,10,3399,,,,
0.30129608511924744,0.9375,10,3449,,,,
0.1100650206208229,0.9375,10,3499,,,,
,,10,3530,0.9062312245368958,0.8805460929870605,,
0.26403388381004333,0.84375,11,3549,,,,
0.5967726111412048,0.9375,11,3599,,,,
0.10652273148298264,0.90625,11,3649,,,,
0.0051408433355391026,1.0,11,3699,,,,
0.0007269172347150743,1.0,11,3749,,,,
0.03447240591049194,0.96875,11,3799,,,,
0.24521955847740173,0.90625,11,3849,,,,
,,11,3851,0.8221701383590698,0.8846416473388672,,
0.44248902797698975,0.96875,12,3899,,,,
0.00396219827234745,1.0,12,3949,,,,
0.32695674896240234,0.9375,12,3999,,,,
0.2714794874191284,0.96875,12,4049,,,,
0.38745808601379395,0.90625,12,4099,,,,
0.06099186837673187,0.96875,12,4149,,,,
,,12,4172,0.8273199200630188,0.8982934951782227,,
0.825800359249115,0.90625,13,4199,,,,
0.09688066691160202,0.96875,13,4249,,,,
0.23565791547298431,0.9375,13,4299,,,,
0.10317441076040268,0.9375,13,4349,,,,
0.003610720159485936,1.0,13,4399,,,,
0.2955908477306366,0.96875,13,4449,,,,
,,13,4493,0.7136049866676331,0.9098976254463196,,
0.042240772396326065,0.96875,14,4499,,,,
0.04328860715031624,0.96875,14,4549,,,,
0.1215195581316948,0.96875,14,4599,,,,
0.03467826545238495,1.0,14,4649,,,,
0.48957520723342896,0.875,14,4699,,,,
0.0018393767531961203,1.0,14,4749,,,,
0.015217725187540054,1.0,14,4799,,,,
,,14,4814,0.918692946434021,0.8873720169067383,,
0.17743529379367828,0.96875,15,4849,,,,
0.5564737319946289,0.90625,15,4899,,,,
0.33385342359542847,0.9375,15,4949,,,,
0.07447466999292374,0.96875,15,4999,,,,
0.24307899177074432,0.96875,15,5049,,,,
0.02982172742486,0.96875,15,5099,,,,
,,15,5135,0.7476330995559692,0.9023890495300293,,
0.00014490306784864515,1.0,16,5149,,,,
0.0008708735113032162,1.0,16,5199,,,,
0.6648679971694946,0.96875,16,5249,,,,
0.08332176506519318,0.96875,16,5299,,,,
0.13102410733699799,0.9375,16,5349,,,,
0.020255722105503082,1.0,16,5399,,,,
0.00011375953909009695,1.0,16,5449,,,,
,,16,5456,0.6850342154502869,0.9174061417579651,,
0.0004312540404498577,1.0,17,5499,,,,
0.010156305506825447,1.0,17,5549,,,,
0.04680781811475754,1.0,17,5599,,,,
0.2849264144897461,0.90625,17,5649,,,,
0.00153869460336864,1.0,17,5699,,,,
0.1695932000875473,0.9375,17,5749,,,,
,,17,5777,0.725400447845459,0.9071672558784485,,
0.10222320258617401,0.9375,18,5799,,,,
0.028267959132790565,1.0,18,5849,,,,
0.19857843220233917,0.9375,18,5899,,,,
0.034474339336156845,0.96875,18,5949,,,,
0.00027741663507185876,1.0,18,5999,,,,
0.00043359299888834357,1.0,18,6049,,,,
,,18,6098,0.7740307450294495,0.9071672558784485,,
0.011316019110381603,1.0,19,6099,,,,
0.08131285756826401,0.96875,19,6149,,,,
1.200600036099786e-05,1.0,19,6199,,,,
0.11627479642629623,0.96875,19,6249,,,,
0.0013081439537927508,1.0,19,6299,,,,
0.02182348445057869,0.96875,19,6349,,,,
0.33578574657440186,0.96875,19,6399,,,,
,,19,6419,0.8332540392875671,0.914675772190094,,
0.027802303433418274,1.0,20,6449,,,,
3.883759563905187e-05,1.0,20,6499,,,,
0.09312949329614639,0.96875,20,6549,,,,
0.331269770860672,0.96875,20,6599,,,,
0.008917782455682755,1.0,20,6649,,,,
0.2605518400669098,0.96875,20,6699,,,,
,,20,6740,0.6174659729003906,0.9255972504615784,,
0.0007550755981355906,1.0,21,6749,,,,
0.23494760692119598,0.9375,21,6799,,,,
0.0016346144257113338,1.0,21,6849,,,,
0.1824461817741394,0.96875,21,6899,,,,
0.003887769067659974,1.0,21,6949,,,,
0.014128029346466064,1.0,21,6999,,,,
0.1898154318332672,0.9375,21,7049,,,,
,,21,7061,0.6552822589874268,0.9187713265419006,,
0.047871049493551254,0.96875,22,7099,,,,
0.00292053259909153,1.0,22,7149,,,,
0.12617087364196777,0.9375,22,7199,,,,
7.38673988962546e-05,1.0,22,7249,,,,
0.10767288506031036,0.9375,22,7299,,,,
0.3050631582736969,0.96875,22,7349,,,,
,,22,7382,0.6940614581108093,0.9249146580696106,,
0.0013078879565000534,1.0,23,7399,,,,
0.009116110391914845,1.0,23,7449,,,,
0.026550913229584694,1.0,23,7499,,,,
0.0012609036639332771,1.0,23,7549,,,,
0.32755357027053833,0.9375,23,7599,,,,
0.4167400002479553,0.90625,23,7649,,,,
3.575127266230993e-05,1.0,23,7699,,,,
,,23,7703,0.5736352801322937,0.9283276200294495,,
0.32782939076423645,0.96875,24,7749,,,,
0.0006738595548085868,1.0,24,7799,,,,
0.0009396208915859461,1.0,24,7849,,,,
0.02782655693590641,1.0,24,7899,,,,
0.004050729796290398,1.0,24,7949,,,,
0.01505024079233408,1.0,24,7999,,,,
,,24,8024,1.24017333984375,0.8546075224876404,,
7.03064288245514e-05,1.0,25,8049,,,,
0.10891814529895782,0.9375,25,8099,,,,
7.93460822023917e-06,1.0,25,8149,,,,
1.0145750045776367,0.90625,25,8199,,,,
0.11202739179134369,0.96875,25,8249,,,,
0.0002826018026098609,1.0,25,8299,,,,
,,25,8345,0.623392641544342,0.9249146580696106,,
0.013465256430208683,1.0,26,8349,,,,
0.00056335428962484,1.0,26,8399,,,,
0.001395367318764329,1.0,26,8449,,,,
0.07721024751663208,0.96875,26,8499,,,,
0.001014221808873117,1.0,26,8549,,,,
0.2653268277645111,0.9375,26,8599,,,,
0.5033788681030273,0.9375,26,8649,,,,
,,26,8666,0.47518110275268555,0.9392491579055786,,
0.0006878143176436424,1.0,27,8699,,,,
0.00418042903766036,1.0,27,8749,,,,
0.10501257330179214,0.96875,27,8799,,,,
0.7184925675392151,0.96875,27,8849,,,,
0.37335410714149475,0.90625,27,8899,,,,
0.47767573595046997,0.9375,27,8949,,,,
,,27,8987,0.8994982838630676,0.8982934951782227,,
0.05614977329969406,0.96875,28,8999,,,,
0.006287631578743458,1.0,28,9049,,,,
0.10046036541461945,0.96875,28,9099,,,,
0.0070962016470730305,1.0,28,9149,,,,
0.06756142526865005,0.96875,28,9199,,,,
0.030924329534173012,1.0,28,9249,,,,
0.002405778504908085,1.0,28,9299,,,,
,,28,9308,0.48637819290161133,0.9358361959457397,,
0.00814070738852024,1.0,29,9349,,,,
0.05331447347998619,0.96875,29,9399,,,,
0.000401774188503623,1.0,29,9449,,,,
0.0023124886211007833,1.0,29,9499,,,,
0.16017507016658783,0.96875,29,9549,,,,
0.0002589605574030429,1.0,29,9599,,,,
,,29,9629,0.33229291439056396,0.9488054513931274,,
0.000888304493855685,1.0,30,9649,,,,
0.1395622342824936,0.96875,30,9699,,,,
0.07482858002185822,0.96875,30,9749,,,,
0.002300174906849861,1.0,30,9799,,,,
0.14277197420597076,0.96875,30,9849,,,,
0.03796537220478058,0.96875,30,9899,,,,
0.26971834897994995,0.96875,30,9949,,,,
,,30,9950,0.4212159514427185,0.9419795274734497,,
6.405745079973713e-05,1.0,31,9999,,,,
0.7641544938087463,0.96875,31,10049,,,,
0.8255363702774048,0.9375,31,10099,,,,
0.272170752286911,0.96875,31,10149,,,,
0.007855704054236412,1.0,31,10199,,,,
0.17906321585178375,0.9375,31,10249,,,,
,,31,10271,0.4551096558570862,0.9412969350814819,,
0.23907063901424408,0.96875,32,10299,,,,
0.5518921613693237,0.875,32,10349,,,,
0.00012924990733154118,1.0,32,10399,,,,
0.0006614797748625278,1.0,32,10449,,,,
0.016136936843395233,1.0,32,10499,,,,
0.018575340509414673,1.0,32,10549,,,,
,,32,10592,0.48167791962623596,0.9453924894332886,,
0.00010706626198953018,1.0,33,10599,,,,
3.6208406527293846e-05,1.0,33,10649,,,,
1.1376610927982256e-05,1.0,33,10699,,,,
0.0023229531943798065,1.0,33,10749,,,,
1.2417404651641846,0.9375,33,10799,,,,
4.520420407061465e-05,1.0,33,10849,,,,
0.026957882568240166,0.96875,33,10899,,,,
,,33,10913,0.4061923921108246,0.9372013807296753,,
0.023829307407140732,0.96875,34,10949,,,,
0.00874438975006342,1.0,34,10999,,,,
0.12203479558229446,0.96875,34,11049,,,,
0.3929360508918762,0.9375,34,11099,,,,
0.2665853202342987,0.96875,34,11149,,,,
8.940271982282866e-06,1.0,34,11199,,,,
,,34,11234,0.2758873403072357,0.9590443968772888,,
0.00016942211368586868,1.0,35,11249,,,,
0.18201467394828796,0.9375,35,11299,,,,
0.013638408854603767,1.0,35,11349,,,,
3.0877668905304745e-05,1.0,35,11399,,,,
7.91603270045016e-06,1.0,35,11449,,,,
0.016587279736995697,1.0,35,11499,,,,
0.00034058294841088355,1.0,35,11549,,,,
,,35,11555,0.43746837973594666,0.9406143426895142,,
1.0374577045440674,0.90625,36,11599,,,,
0.2406284511089325,0.96875,36,11649,,,,
0.16037118434906006,0.96875,36,11699,,,,
0.18097129464149475,0.96875,36,11749,,,,
0.0007913220324553549,1.0,36,11799,,,,
0.0016643156995996833,1.0,36,11849,,,,
,,36,11876,0.3225235641002655,0.9508532285690308,,
0.00035218524863012135,1.0,37,11899,,,,
6.129523535491899e-05,1.0,37,11949,,,,
0.032725319266319275,0.96875,37,11999,,,,
9.643833436712157e-06,1.0,37,12049,,,,
0.0002222566254204139,1.0,37,12099,,,,
1.877689101092983e-05,1.0,37,12149,,,,
,,37,12197,0.3413335084915161,0.956313967704773,,
0.002394594717770815,1.0,38,12199,,,,
0.00025218643713742495,1.0,38,12249,,,,
5.4987605835776776e-05,1.0,38,12299,,,,
0.004955909680575132,1.0,38,12349,,,,
0.007075691595673561,1.0,38,12399,,,,
0.06037481129169464,0.96875,38,12449,,,,
0.0021613258868455887,1.0,38,12499,,,,
,,38,12518,0.30298230051994324,0.9535835981369019,,
0.0005927848978899419,1.0,39,12549,,,,
1.2139358659624122e-05,1.0,39,12599,,,,
0.06978432089090347,0.96875,39,12649,,,,
1.3901408237870783e-05,1.0,39,12699,,,,
9.672245505498722e-05,1.0,39,12749,,,,
0.022087113931775093,0.96875,39,12799,,,,
,,39,12839,0.41350409388542175,0.9453924894332886,,
0.0001908202248159796,1.0,40,12849,,,,
0.009237796999514103,1.0,40,12899,,,,
3.4980066629941575e-06,1.0,40,12949,,,,
0.0005285285878926516,1.0,40,12999,,,,
1.1562588952074293e-05,1.0,40,13049,,,,
0.00010955717880278826,1.0,40,13099,,,,
0.00027483381563797593,1.0,40,13149,,,,
,,40,13160,0.39946892857551575,0.9494880437850952,,
0.3558696508407593,0.9375,41,13199,,,,
0.13656626641750336,0.96875,41,13249,,,,
1.9461422198219225e-05,1.0,41,13299,,,,
0.0024034103844314814,1.0,41,13349,,,,
0.0009505141642875969,1.0,41,13399,,,,
9.134501306107268e-05,1.0,41,13449,,,,
,,41,13481,0.31339502334594727,0.958361804485321,,
6.722005491610616e-05,1.0,42,13499,,,,
0.008424734696745872,1.0,42,13549,,,,
0.0004311405646149069,1.0,42,13599,,,,
1.714245263428893e-05,1.0,42,13649,,,,
0.0014886390417814255,1.0,42,13699,,,,
0.0008569776546210051,1.0,42,13749,,,,
0.00028316007228568196,1.0,42,13799,,,,
,,42,13802,0.26925215125083923,0.9590443968772888,,
0.0002692318521440029,1.0,43,13849,,,,
4.6777695388300344e-05,1.0,43,13899,,,,
0.000840204069390893,1.0,43,13949,,,,
0.0005274550057947636,1.0,43,13999,,,,
0.007817346602678299,1.0,43,14049,,,,
0.000391521054552868,1.0,43,14099,,,,
,,43,14123,0.2881692349910736,0.9624573588371277,,
2.2158990759635344e-05,1.0,44,14149,,,,
2.5553586965543218e-05,1.0,44,14199,,,,
0.015913687646389008,1.0,44,14249,,,,
0.00042699993355199695,1.0,44,14299,,,,
0.0007568709552288055,1.0,44,14349,,,,
0.11186177283525467,0.96875,44,14399,,,,
,,44,14444,0.24399133026599884,0.9692832827568054,,
0.0001094214603654109,1.0,45,14449,,,,
0.00097083201399073,1.0,45,14499,,,,
3.5046170523855835e-05,1.0,45,14549,,,,
0.03406744822859764,0.96875,45,14599,,,,
1.0158416444028262e-05,1.0,45,14649,,,,
0.021009286865592003,1.0,45,14699,,,,
0.0016320652794092894,1.0,45,14749,,,,
,,45,14765,0.2668914496898651,0.9604095816612244,,
3.9488026004619314e-07,1.0,46,14799,,,,
0.0010886162053793669,1.0,46,14849,,,,
0.000571590440813452,1.0,46,14899,,,,
3.415974560994073e-06,1.0,46,14949,,,,
4.246717708156211e-06,1.0,46,14999,,,,
0.011548981070518494,1.0,46,15049,,,,
,,46,15086,0.2902584671974182,0.9638225436210632,,
0.003015723079442978,1.0,47,15099,,,,
3.188809841958573e-06,1.0,47,15149,,,,
0.009728222154080868,1.0,47,15199,,,,
8.36827966850251e-05,1.0,47,15249,,,,
0.005826658569276333,1.0,47,15299,,,,
3.3713356515363557e-06,1.0,47,15349,,,,
4.129184162593447e-05,1.0,47,15399,,,,
,,47,15407,0.3886660933494568,0.9488054513931274,,
0.5281392931938171,0.9375,48,15449,,,,
0.0017065141582861543,1.0,48,15499,,,,
1.7641748854657635e-05,1.0,48,15549,,,,
5.993831109663006e-06,1.0,48,15599,,,,
0.26605311036109924,0.9375,48,15649,,,,
0.00038090007728897035,1.0,48,15699,,,,
,,48,15728,0.3130173683166504,0.9535835981369019,,
0.0017439184011891484,1.0,49,15749,,,,
0.0016645953292027116,1.0,49,15799,,,,
0.0011903907870873809,1.0,49,15849,,,,
0.12912051379680634,0.96875,49,15899,,,,
5.202825559535995e-05,1.0,49,15949,,,,
2.6334560971008614e-05,1.0,49,15999,,,,
0.0021815067157149315,1.0,49,16049,,,,
,,49,16049,0.2449060082435608,0.9631399512290955,,
0.0077358428388834,1.0,50,16099,,,,
0.00190963305067271,1.0,50,16149,,,,
0.003899486968293786,1.0,50,16199,,,,
5.870267341379076e-05,1.0,50,16249,,,,
0.0002386408596066758,1.0,50,16299,,,,
0.9525133371353149,0.9375,50,16349,,,,
,,50,16370,0.2810742259025574,0.9597269892692566,,
0.0002683207858353853,1.0,51,16399,,,,
0.0001474537857575342,1.0,51,16449,,,,
1.4745531188964378e-05,1.0,51,16499,,,,
6.800191476941109e-05,1.0,51,16549,,,,
0.0002456612710375339,1.0,51,16599,,,,
0.00031030576792545617,1.0,51,16649,,,,
,,51,16691,0.1880340427160263,0.9761092066764832,,
5.326844529918162e-06,1.0,52,16699,,,,
0.029096947982907295,0.96875,52,16749,,,,
0.0019440415780991316,1.0,52,16799,,,,
0.002104837214574218,1.0,52,16849,,,,
6.913812285347376e-06,1.0,52,16899,,,,
0.0009930719388648868,1.0,52,16949,,,,
0.007020869292318821,1.0,52,16999,,,,
,,52,17012,0.2248801589012146,0.9679180979728699,,
0.044301971793174744,0.96875,53,17049,,,,
0.00010972988093271852,1.0,53,17099,,,,
1.3485321233019931e-06,1.0,53,17149,,,,
2.019084604398813e-06,1.0,53,17199,,,,
0.02706870064139366,0.96875,53,17249,,,,
9.577037417329848e-05,1.0,53,17299,,,,
,,53,17333,0.1546991914510727,0.9754266142845154,,
0.0057220845483243465,1.0,54,17349,,,,
0.0002773162559606135,1.0,54,17399,,,,
0.00047456129686906934,1.0,54,17449,,,,
0.0012750148307532072,1.0,54,17499,,,,
0.005094899330288172,1.0,54,17549,,,,
0.00033004459692165256,1.0,54,17599,,,,
4.0978147808345966e-07,1.0,54,17649,,,,
,,54,17654,0.32786664366722107,0.9658703207969666,,
3.071920946240425e-05,1.0,55,17699,,,,
0.00010339540312997997,1.0,55,17749,,,,
0.001632950035855174,1.0,55,17799,,,,
0.01232744287699461,1.0,55,17849,,,,
1.2884274838143028e-05,1.0,55,17899,,,,
0.23512203991413116,0.96875,55,17949,,,,
,,55,17975,0.2580660879611969,0.9699658751487732,,
3.997135991085088e-06,1.0,56,17999,,,,
9.684790711617097e-06,1.0,56,18049,,,,
1.44625255416031e-05,1.0,56,18099,,,,
0.32510361075401306,0.96875,56,18149,,,,
0.11068877577781677,0.96875,56,18199,,,,
0.026861274614930153,0.96875,56,18249,,,,
,,56,18296,0.20461373031139374,0.9692832827568054,,
0.0014662197791039944,1.0,57,18299,,,,
0.0004669181362260133,1.0,57,18349,,,,
0.036857523024082184,1.0,57,18399,,,,
0.0010844123316928744,1.0,57,18449,,,,
2.2111324142315425e-05,1.0,57,18499,,,,
0.0009576394222676754,1.0,57,18549,,,,
6.705059058731422e-05,1.0,57,18599,,,,
,,57,18617,0.19529642164707184,0.9720136523246765,,
7.04077706359385e-07,1.0,58,18649,,,,
2.348948510189075e-05,1.0,58,18699,,,,
2.527911237848457e-05,1.0,58,18749,,,,
0.0007120325462892652,1.0,58,18799,,,,
0.001881011063233018,1.0,58,18849,,,,
0.005830031353980303,1.0,58,18899,,,,
,,58,18938,0.13608430325984955,0.9822525382041931,,
0.06070747226476669,0.96875,59,18949,,,,
2.507086946934578e-06,1.0,59,18999,,,,
0.007632013410329819,1.0,59,19049,,,,
2.5533579901093617e-05,1.0,59,19099,,,,
0.004365795757621527,1.0,59,19149,,,,
0.04459920898079872,0.96875,59,19199,,,,
0.0009559289319440722,1.0,59,19249,,,,
,,59,19259,0.12475382536649704,0.9822525382041931,,
0.02890799380838871,0.96875,60,19299,,,,
3.693205144372769e-05,1.0,60,19349,,,,
4.14986971009057e-06,1.0,60,19399,,,,
0.00015214628365356475,1.0,60,19449,,,,
0.0009050342487171292,1.0,60,19499,,,,
6.2991302911541425e-06,1.0,60,19549,,,,
,,60,19580,0.3387461304664612,0.9488054513931274,,
9.219195817422587e-06,1.0,61,19599,,,,
4.2456093069631606e-05,1.0,61,19649,,,,
0.00332451518625021,1.0,61,19699,,,,
1.76705088961171e-05,1.0,61,19749,,,,
0.009017144329845905,1.0,61,19799,,,,
5.5578016144863795e-06,1.0,61,19849,,,,
9.3389853645931e-06,1.0,61,19899,,,,
,,61,19901,0.20476986467838287,0.9658703207969666,,
5.3531257435679436e-06,1.0,62,19949,,,,
0.04441981017589569,0.96875,62,19999,,,,
2.4772434699116275e-06,1.0,62,20049,,,,
1.3038456927461084e-06,1.0,62,20099,,,,
2.3096775692010851e-07,1.0,62,20149,,,,
0.002172574633732438,1.0,62,20199,,,,
,,62,20222,0.14330388605594635,0.9740614295005798,,
0.0106963487342,1.0,63,20249,,,,
0.11813138425350189,0.96875,63,20299,,,,
0.07440511882305145,0.96875,63,20349,,,,
3.987514355685562e-05,1.0,63,20399,,,,
0.06184377893805504,0.96875,63,20449,,,,
6.440086144721135e-05,1.0,63,20499,,,,
,,63,20543,0.1502189189195633,0.9726962447166443,,
0.00011172222002642229,1.0,64,20549,,,,
0.07277744263410568,0.96875,64,20599,,,,
0.00035119583480991423,1.0,64,20649,,,,
0.07666512578725815,0.96875,64,20699,,,,
1.9781152786890743e-06,1.0,64,20749,,,,
9.778208550415002e-06,1.0,64,20799,,,,
7.1110080170910805e-06,1.0,64,20849,,,,
,,64,20864,0.12796425819396973,0.9740614295005798,,
0.00016364594921469688,1.0,65,20899,,,,
0.0003322999691590667,1.0,65,20949,,,,
7.325754995690659e-05,1.0,65,20999,,,,
0.0006281275418587029,1.0,65,21049,,,,
3.9024223951855674e-05,1.0,65,21099,,,,
0.1658274084329605,0.96875,65,21149,,,,
,,65,21185,0.15336288511753082,0.9740614295005798,,
1.5991750842658803e-05,1.0,66,21199,,,,
2.2623808035859838e-05,1.0,66,21249,,,,
2.1649340851581655e-05,1.0,66,21299,,,,
1.8416185412206687e-05,1.0,66,21349,,,,
0.053435757756233215,0.96875,66,21399,,,,
0.00032340886536985636,1.0,66,21449,,,,
0.002313359873369336,1.0,66,21499,,,,
,,66,21506,0.2964320182800293,0.9604095816612244,,
4.8948454605124425e-06,1.0,67,21549,,,,
0.0008363259839825332,1.0,67,21599,,,,
0.0002281303604831919,1.0,67,21649,,,,
0.0026987185701727867,1.0,67,21699,,,,
0.00043259511585347354,1.0,67,21749,,,,
2.040769686573185e-05,1.0,67,21799,,,,
,,67,21827,0.23577101528644562,0.9638225436210632,,
0.0002352437295485288,1.0,68,21849,,,,
0.0019354682881385088,1.0,68,21899,,,,
0.00135022250469774,1.0,68,21949,,,,
8.815898763714358e-05,1.0,68,21999,,,,
2.58897907770006e-05,1.0,68,22049,,,,
9.346324986836407e-06,1.0,68,22099,,,,
,,68,22148,0.1765187531709671,0.9726962447166443,,
0.056966330856084824,0.9375,69,22149,,,,
0.01367314625531435,1.0,69,22199,,,,
0.006211789324879646,1.0,69,22249,,,,
8.038741725613363e-06,1.0,69,22299,,,,
1.3726885299547575e-05,1.0,69,22349,,,,
0.00827410351485014,1.0,69,22399,,,,
9.659084753366187e-06,1.0,69,22449,,,,
,,69,22469,0.15563122928142548,0.9767917990684509,,
,,70,22470,,,12.676067352294922,0.6577181220054626
